CountryISO,Region_Latin,City_Latin,Region_Arabic ,City_Arabic,,,,
JP,Tokyo,Tokyo,?????,?????,,,,
JP,Osaka,Osaka,??????,??????,,,,
JP,Aichi,Nagoya,?????,??????,,,,
JP,Kanagawa,Yokohama,????????,????????,,,,
JP,Fukuoka,Fukuoka,??????,??????,,,,
ID,Jakarta,Jakarta,??????,??????,,,,
ID,Jawa Timur,Surabaya,???? ???????,????????,,,,
ID,Sumatera Utara,Medan,?????? ????????,?????,,,,
ID,Jawa Timur,Malang,???? ???????,??????,,,,
ID,Jawa Barat,Bekasi,???? ???????,??????,,,,
IN,Delhi,Delhi,????,????,,,,
IN,Maharashtra,Mumbai,??????????,??????,,,,
IN,West Bengal,Kolkata,??????? ???????,???????,,,,
IN,Karnataka,Bangalore,?????????,???????,,,,
IN,Tamil Nadu,Chennai,????? ????,??????,,,,
CN,Guangdong,Guangzhou,?????????,????????,,,,
CN,Shanghai,Shanghai,??????,??????,,,,
CN,Beijing,Beijing,????,????,,,,
CN,Guangdong,Shenzhen,?????????,?????,,,,
CN,Sichuan,Chengdu,???????,??????,,,,
PH,Manila,Manila,??????,??????,,,,
PH,Quezon,Quezon City,??????,????? ??????,,,,
PH,Zamboanga,Zamboanga City,?????????,????? ?????????,,,,
PH,Davao,Davao,?????,?????,,,,
PH,Caloocan,Caloocan City,???????,????? ???????,,,,
BR,São Paulo,Sao Paulo,??? ?????,??? ?????,,,,
BR,Rio de Janeiro,Rio de Janeiro,??? ?? ??????,??? ?? ??????,,,,
BR,Minas Gerais,Belo Horizonte,????? ??????,???? ?????????,,,,
BR,Ceará,Fortaleza,?????,?????????,,,,
BR,Bahia,Salvador,?????,????????,,,,
KR,Seoul,Seoul,????,????,,,,
KR,Busan,Busan,?????,?????,,,,
KR,Incheon,Incheon,??????,??????,,,,
KR,Daegu,Daegu,?????,?????,,,,
KR,Gwangju,Gwangju,???????,???????,,,,
MX,Ciudad de México,Mexico City,????? ???????,????? ???????,,,,
MX,Jalisco,Guadalajara,???????,???????????,,,,
MX,Nuevo León,Monterrey,????? ????,???????,,,,
MX,México,Toluca,???????,??????,,,,
MX,Baja California,Tijuana,???? ??????????,???????,,,,
EG,Cairo,Cairo,???????,???????,,,,
EG,Giza,Giza,??????,??????,,,,
EG,Alexandria,Alexandria,??????????,??????????,,,,
EG,Qalyubia,Shubra al Khaymah,?????????,???? ??????,,,,
EG,Monufia,Ashmun,????????,?????,,,,
EG,Faiyum,Sinnuris,??????,?????,,,,
EG,Asyut,Dayrut,?????,?????,,,,
EG,Qalyubia,Tukh,?????????,???,,,,
EG,Dakahlia,Al Mansurah,????????,????????,,,,
EG,Cairo,Halwan,???????,?????,,,,
EG,Gharbia,Al Mahallah al Kubra,???????,?????? ??????,,,,
EG,Qalyubia,Shibin al Qanatir,?????????,???? ???????,,,,
EG,Beheira,Abu Hummus,???????,??? ???,,,,
EG,Port Said,Port Said,???????,???????,,,,
EG,Faiyum,Al Fayyum,??????,??????,,,,
EG,Suez,Suez,??????,??????,,,,
EG,Qena,Abu Tisht,???,??? ???,,,,
EG,Beni Suef,Al Fashn,??? ????,?????,,,,
EG,Sohag,Akhmim,?????,?????,,,,
EG,Sohag,Al Maraghah,?????,???????,,,,
EG,Ismailia,Ismailia,???????????,???????????,,,,
EG,Monufia,Al Bajur,????????,???????,,,,
EG,Giza,Awsim,??????,?????,,,,
EG,Monufia,Tala,????????,???,,,,
EG,Dakahlia,Talkha,????????,????,,,,
EG,Asyut,Asyut,?????,?????,,,,
EG,Giza,Madinat as Sadis min Uktubar,??????,????? ?????? ?? ??????,,,,
EG,Dakahlia,Dikirnis,????????,?????,,,,
EG,Monufia,Ash Shuhada',????????,???????,,,,
EG,Monufia,Birkat as Sab`,????????,???? ?????,,,,
EG,Sharqia,Az Zaqaziq,???????,????????,,,,
EG,Qena,Al Waqf,???,?????,,,,
EG,Alexandria,Al `Ajami,??????????,??????,,,,
EG,Dakahlia,Al Matariyah,????????,???????,,,,
EG,Beheira,Shubrakhit,???????,???????,,,,
EG,Sharqia,Kafr Saqr,???????,??? ???,,,,
EG,Kafr El Sheikh,Qillin,??? ?????,????,,,,
EG,Monufia,Shibin al Kawm,????????,???? ?????,,,,
EG,Aswan,Aswan,?????,?????,,,,
EG,Gharbia,Tanta,???????,????,,,,
EG,Sharqia,Al `Ashir min Ramadan,???????,?????? ?? ?????,,,,
EG,Beheira,Damanhur,???????,??????,,,,
EG,Minya,Al Minya,??????,??????,,,,
EG,Kafr El Sheikh,Biyala,??? ?????,????,,,,
EG,Sohag,Saqultah,?????,??????,,,,
EG,Red Sea,Al Ghardaqah,????? ??????,???????,,,,
EG,Minya,Mallawi,??????,????,,,,
EG,Qena,Farshut,???,?????,,,,
EG,Damietta,Damietta,?????,?????,,,,
EG,Luxor,Luxor,??????,??????,,,,
EG,Dakahlia,Timayy al Imdid,????????,??? ???????,,,,
EG,Qena,Qina,???,???,,,,
EG,Asyut,Sidfa,?????,????,,,,
EG,Sohag,Sohag,?????,?????,,,,
EG,Beni Suef,Bani Suwayf,??? ????,??? ????,,,,
EG,North Sinai,Al `Arish,???? ?????,??????,,,,
EG,Beheira,Ar Rahmaniyah,???????,?????????,,,,
EG,Qalyubia,Banha,?????????,????,,,,
EG,Qalyubia,Qalyub,?????????,?????,,,,
EG,Kafr El Sheikh,Kafr El Sheikh,??? ?????,??? ?????,,,,
EG,Kafr El Sheikh,Disuq,??? ?????,????,,,,
EG,Sharqia,Bilbays,???????,?????,,,,
EG,Aswan,Idfu,?????,????,,,,
EG,Beheira,Rosetta,???????,????,,,,
EG,Dakahlia,Mit Ghamr,????????,??? ???,,,,
EG,Monufia,Munuf,????????,????,,,,
EG,Sharqia,Faqus,???????,?????,,,,
EG,Matrouh,Matruh,?????,?????,,,,
EG,Beheira,Idku,???????,????,,,,
EG,Beheira,Kafr ad Dawwar,???????,??? ??????,,,,
EG,Sohag,Jirja,?????,????,,,,
EG,Red Sea,Ra's Gharib,????? ??????,??? ????,,,,
EG,Dakahlia,Al Jammaliyah,????????,????????,,,,
EG,Gharbia,Zifta,???????,????,,,,
EG,Minya,Samalut,??????,??????,,,,
EG,Giza,Al Badrashayn,??????,????????,,,,
EG,Faiyum,Ibshaway,??????,??????,,,,
EG,Asyut,Manfalut,?????,??????,,,,
EG,North Sinai,Rafah,???? ?????,???,,,,
EG,Dakahlia,Mit Salsil,????????,??? ?????,,,,
EG,Minya,Bani Mazar,??????,??? ????,,,,
EG,Beheira,Madinat as Sadat,???????,????? ???????,,,,
EG,Qalyubia,Al Khankah,?????????,???????,,,,
EG,Qena,Armant,???,?????,,,,
EG,Gharbia,Kafr az Zayyat,???????,??? ??????,,,,
EG,Minya,Maghaghah,??????,?????,,,,
EG,South Sinai,Sharm ash Shaykh,???? ?????,??? ?????,,,,
EG,Aswan,Kawm Umbu,?????,??? ????,,,,
EG,Asyut,Abu Tij,?????,??? ???,,,,
EG,Port Said,Bur Fu'ad,???????,??? ????,,,,
EG,Dakahlia,`Izbat al Burj,????????,???? ?????,,,,
EG,Asyut,Al Qusiyah,?????,???????,,,,
EG,Giza,Kirdasah,??????,??????,,,,
EG,Qena,Isna,???,????,,,,
EG,Asyut,Abnub,?????,?????,,,,
EG,Sharqia,Hihya,???????,????,,,,
EG,Sohag,Al Minshah,?????,???????,,,,
EG,Sharqia,Al Qurayn,???????,??????,,,,
EG,North Sinai,Ash Shaykh Zuwayd,???? ?????,????? ????,,,,
EG,Minya,Dalja,??????,????,,,,
EG,Minya,Abu Qurqas,??????,??? ?????,,,,
EG,Matrouh,Sidi Barani,?????,???? ?????,,,,
EG,Giza,As Saff,??????,????,,,,
EG,Beni Suef,Biba,??? ????,???,,,,
EG,Gharbia,Samannud,???????,?????,,,,
EG,Qalyubia,Abu Za`bal,?????????,??? ????,,,,
EG,Qena,Dandarah,???,?????,,,,
EG,New Valley,Al Kharjah,?????? ??????,???????,,,,
EG,Sohag,Al Balyana,?????,???????,,,,
EG,Minya,Matay,??????,????,,,,
EG,Dakahlia,Bani `Ubayd,????????,??? ????,,,,
EG,Qena,Naj` Hammadi,???,??? ?????,,,,
EG,Damietta,Kafr al Battikh,?????,??? ??????,,,,
EG,Beheira,Abu al Matamir,???????,??? ????????,,,,
EG,Giza,Al `Ayyat,??????,??????,,,,
EG,Sharqia,San al Hajar al Qibliyah,???????,??? ????? ???????,,,,
EG,Asyut,Al Badari,?????,???????,,,,
EG,Dakahlia,Kafr al Kurdi,????????,??? ??????,,,,
EG,Minya,Dayr Mawas,??????,??? ????,,,,
EG,Beni Suef,Ihnasya al Madinah,??? ????,??????? ???????,,,,
EG,Dakahlia,Nabaruh,????????,?????,,,,
EG,Aswan,Daraw,?????,????,,,,
EG,Alexandria,Abu Qir,??????????,??? ???,,,,
EG,Damietta,Faraskur,?????,???????,,,,
EG,Cairo,Badr,???????,???,,,,
EG,Monufia,Shanawan,????????,?????,,,,
EG,Dakahlia,Mahallat Damanah,????????,???? ????,,,,
EG,Sharqia,Al Husayniyah,???????,????????,,,,
EG,Sharqia,Abu Suwayr,???????,??? ????,,,,
EG,Red Sea,Safaja,????? ??????,?????,,,,
EG,Beni Suef,Qiman al `Arus,??? ????,????? ??????,,,,
EG,Damietta,As Sarw,?????,?????,,,,
EG,Qalyubia,Qaha,?????????,???,,,,
EG,Luxor,Al Karnak,??????,??????,,,,
EG,Faiyum,An Nazlah,??????,???????,,,,
EG,Gharbia,Qutur,???????,????,,,,
EG,Sharqia,Hirriyat Raznah,???????,???? ????,,,,
EG,Monufia,Kafr Shukr,????????,??? ???,,,,
EG,Matrouh,Siwah,?????,????,,,,
EG,Damietta,Kafr Sa`d,?????,??? ???,,,,
EG,Minya,Sharunah,??????,??????,,,,
EG,Gharbia,Abu Sir Bana,???????,??? ??? ???,,,,
EG,Qena,Qift,???,???,,,,
EG,Qena,Naqadah,???,?????,,,,
EG,Qalyubia,Mit Nama,?????????,??? ???,,,,
EG,Minya,Al Qays,??????,?????,,,,
EG,Gharbia,Sunbat,???????,?????,,,,
EG,Gharbia,Sa al Hajar,???????,?? ?????,,,,
EG,Qena,Jarajus,???,??????,,,,
EG,Asyut,Bani Murr,?????,??? ??,,,,
EG,Monufia,Zawiyat Razin,????????,????? ????,,,,
EG,Minya,Dayr Abu Hinnis,??????,??? ??? ????,,,,
EG,Minya,Bani Hasan ash Shuruq,??????,??? ??? ??????,,,,
EG,Dakahlia,Aja,????????,???,,,,
EG,Faiyum,Biyahmu,??????,??????,,,,
EG,Minya,Al Bayahu,??????,???????,,,,
EG,Red Sea,Al Hibah,????? ??????,?????,,,,
EG,Minya,Al Bahnasa,??????,???????,,,,
EG,North Sinai,Bi'r al `Abd,???? ?????,??? ?????,,,,
EG,Luxor,Al Madamud,??????,????????,,,,
EG,Kafr El Sheikh,Sakha,??? ?????,???,,,,
EG,Minya,Dayr al Barsha,??????,??? ??????,,,,
EG,Matrouh,Ad Dab`ah,?????,??????,,,,
EG,Giza,Birqash,??????,?????,,,,
EG,Sharqia,Qantir,???????,?????,,,,
EG,Faiyum,Sidmant al Jabal,??????,????? ?????,,,,
EG,Monufia,Dinshaway,????????,??????,,,,
EG,South Sinai,At Tur,???? ?????,?????,,,,
EG,Alexandria,Burj al `Arab,??????????,??? ?????,,,,
EG,Beni Suef,Dishashah,??? ????,??????,,,,
EG,Dakahlia,Mit Damsis,????????,??? ?????,,,,
EG,Qena,Al Qal`ah,???,??????,,,,
EG,North Sinai,Qal`at an Nakhl,???? ?????,???? ?????,,,,
EG,Minya,Sawadah,??????,?????,,,,
EG,Faiyum,Abjij,??????,?????,,,,
EG,Minya,Qufadah,??????,?????,,,,
EG,Qena,Shanhur,???,?????,,,,
EG,Giza,Mandishah,??????,??????,,,,
EG,Red Sea,Al Hammamiyah,????? ??????,????????,,,,
EG,Minya,Dayr as Sanquriyah,??????,??? ?????????,,,,
EG,Gharbia,Najrij,???????,?????,,,,
EG,Dakahlia,Ras el-Barr,????????,??? ????,,,,
EG,Matrouh,As Sallum,?????,??????,,,,
EG,New Valley,Qasr al Farafirah,?????? ??????,??? ????????,,,,
EG,New Valley,Al Qasr,?????? ??????,?????,,,,
EG,Matrouh,Al `Alamayn,?????,???????,,,,
EG,Red Sea,Barnis,????? ??????,?????,,,,
PK,Sindh,Karachi,?????,??????,,,,
PK,Punjab,Lahore,???????,?????,,,,
PK,Punjab,Kotla Qasim Khan,???????,????? ???? ???,,,,
PK,Punjab,Faisalabad,???????,???? ????,,,,
PK,Punjab,Rawalpindi,???????,????????,,,,
BD,Dhaka,Dhaka,???,???,,,,
BD,Dhaka,Gazipura,???,????????,,,,
BD,Chattogram,Chattogram,????????,????????,,,,
BD,Rangpur,Rangapukur,???????,??????????,,,,
BD,Dhaka,Narayanganj,???,???????????,,,,
US,New York,New York,???????,???????,,,,
US,California,Los Angeles,??????????,??? ??????,,,,
US,Illinois,Chicago,??????,??????,,,,
US,Florida,Miami,???????,?????,,,,
US,Texas,Houston,?????,??????,,,,
TH,Krung Thep Maha Nakhon,Bangkok,????? ??? ???? ?????,??????,,,,
TH,Chiang Mai,Chiang Mai,????? ???,????? ???,,,,
TH,Nakhon Ratchasima,Nakhon Ratchasima,????? ?????????,????? ?????????,,,,
TH,Khon Kaen,Khon Kaen,??? ????,??? ????,,,,
TH,Songkhla,Hat Yai,???????,??? ???,,,,
RU,Moscow,Moscow,?????,?????,,,,
RU,Saint Petersburg,Saint Petersburg,???? ???????,???? ???????,,,,
RU,Novosibirskaya Oblast’,Novosibirsk,????? ???????????,???????????,,,,
RU,Sverdlovskaya Oblast’,Yekaterinburg,????? ??????????,???????????,,,,
RU,Tatarstan,Kazan,????????,?????,,,,
AR,"Buenos Aires, Ciudad Autónoma de",Buenos Aires,????? ???? ??????? ???????,????? ????,,,,
AR,Córdoba,Cordoba,?????,?????,,,,
AR,Santa Fe,Rosario,????? ??,???????,,,,
AR,Santiago del Estero,Santiago del Estero,???????? ??? ??????,???????? ??? ??????,,,,
AR,Buenos Aires,La Plata,????? ????,?? ?????,,,,
NG,Lagos,Lagos,?????,?????,,,,
NG,Kano,Kano,????,????,,,,
NG,Federal Capital Territory,Abuja,????? ??????? ?????????,?????,,,,
NG,Oyo,Ibadan,????,??????,,,,
NG,Anambra,Awka,???????,????,,,,
VN,Ho Chi Minh,Ho Chi Minh City,?? ?? ???,????? ?? ?? ???,,,,
VN,Hanoi,Hanoi,?????,?????,,,,
VN,Haiphong,Haiphong,???????,???????,,,,
VN,Dong Nai,Bien Hoa,???? ???,???? ???,,,,
VN,Can Tho,Can Tho,??? ??,??? ??,,,,
TR,?stanbul,Istanbul,???????,???????,,,,
TR,Ankara,Ankara,?????,?????,,,,
TR,Bursa,Bursa,?????,?????,,,,
TR,?zmir,Izmir,?????,?????,,,,
TR,Konya,Konya,?????,?????,,,,
IR,Tehr?n,Tehran,?????,?????,,,,
IR,Razavi Khorasan Province,Mashhad,?????? ????,????,,,,
IR,Isfahan,Esfahan,??????,??????,,,,
IR,Alborz,Karaj,?????,???,,,,
IR,Fars,Shiraz,????,?????,,,,
CD,Kinshasa,Kinshasa,???????,???????,,,,
CD,Kasaï Oriental,Mbuji-Mayi,????? ???????,????? ????,,,,
CD,Kasaï Central,Kananga,????? ??????,???????,,,,
CD,Haut-Katanga,Lubumbashi,??????? ??????,?????????,,,,
CD,Équateur,Mbandaka,????????,????????,,,,
GB,London,London,????,????,,,,
GB,Birmingham,Birmingham,????????,????????,,,,
GB,Portsmouth,Portsmouth,????????,????????,,,,
GB,Southampton,Southampton,???????????,???????????,,,,
GB,Bristol,Bristol,???????,???????,,,,
FR,Île-de-France,Paris,??? ?? ?????,?????,,,,
FR,Nouvelle-Aquitaine,Bordeaux,????? ??????,?????,,,,
FR,Provence-Alpes-Côte d’Azur,Marseille,??????? ??? ??? ?????,???????,,,,
FR,Auvergne-Rhône-Alpes,Lyon,??????? ??? ???,????,,,,
FR,Occitanie,Toulouse,??????????,?????,,,,
PE,Lima,Lima,????,????,,,,
PE,Arequipa,Arequipa,???????,???????,,,,
PE,La Libertad,Trujillo,?? ????????,???????,,,,
PE,Lambayeque,Chiclayo,????????,????????,,,,
PE,Piura,Piura,?????,?????,,,,
AO,Luanda,Luanda,??????,??????,,,,
AO,Luanda,Cacuaco,??????,???????,,,,
AO,Luanda,Cazenga,??????,???????,,,,
AO,Huila,Lubango,?????,???????,,,,
AO,Cabinda,Cabinda,???????,???????,,,,
MY,Kuala Lumpur,Kuala Lumpur,????? ?????,????? ?????,,,,
MY,Pulau Pinang,Seberang Jaya,????? ??????,???????? ????,,,,
MY,Selangor,Klang,????????,?????,,,,
MY,Perak,Ipoh,?????,?????,,,,
MY,Pulau Pinang,George Town,????? ??????,???? ????,,,,
CO,Bogota,Bogota,??????,??????,,,,
CO,Valle del Cauca,Cali,???? ?????,????,,,,
CO,Antioquia,Medellin,????????,???????,,,,
CO,Atlántico,Barranquilla,?????????,?????????,,,,
CO,Bolívar,Cartagena,???????,?????????,,,,
TZ,Dar es Salaam,Dar es Salaam,??? ??????,??? ??????,,,,
TZ,Mwanza,Mwanza,??????,??????,,,,
TZ,Dar es Salaam,Ubungo,??? ??????,???????,,,,
TZ,Dodoma,Dodoma,??????,??????,,,,
TZ,Arusha,Arusha,?????,?????,,,,
SD,Khartoum,Khartoum,???????,???????,,,,
SD,Khartoum,Omdurman,???????,?? ?????,,,,
SD,Khartoum,Khartoum North,???????,??????? ????,,,,
SD,Red Sea,Port Sudan,????? ??????,??? ?????,,,,
SD,West Darfur,El Geneina,??? ??????,???????,,,,
ZA,Gauteng,Johannesburg,??????,?????????,,,,
ZA,Western Cape,Cape Town,??? ???????,??? ????,,,,
ZA,Gauteng,Pretoria,??????,????????,,,,
ZA,Gauteng,Soweto,??????,?????,,,,
ZA,Eastern Cape,Gqeberha,??? ???????,????????,,,,
SA,Riyadh,Riyadh,??????,??????,,,,
SA,Mecca,Jeddah,???,???,,,,
SA,Mecca,Mecca,???,???,,,,
SA,Medina,Medina,???????,???????,,,,
SA,Eastern Province,Ad Dammam,??????? ???????,??????,,,,
SA,Tabuk,Tabuk,????,????,,,,
SA,Eastern Province,Al Hufuf,??????? ???????,??????,,,,
SA,Eastern Province,Al Qatif,??????? ???????,??????,,,,
SA,Mecca,At Ta'if,???,??????,,,,
SA,Eastern Province,Al Jubayl,??????? ???????,??????,,,,
SA,Al-Qassim,Buraydah,??????,?????,,,,
SA,Eastern Province,Hafr al Batin,??????? ???????,??? ??????,,,,
SA,Medina,Yanbu`,???????,????,,,,
SA,Ha'il,Ha'il,????,????,,,,
SA,Mecca,Al Qunfudhah,???,???????,,,,
SA,Eastern Province,Al Mubarraz,??????? ???????,??????,,,,
SA,Riyadh,Al Kharj,??????,?????,,,,
SA,Al-Jouf,Sakaka,?????,?????,,,,
SA,Asir,Abha,????,????,,,,
SA,Jazan,Sabya,?????,????,,,,
SA,Eastern Province,Al Khubar,??????? ???????,?????,,,,
SA,Asir,Qal`at Bishah,????,???? ????,,,,
SA,Al-Qassim,`Unayzah,??????,?????,,,,
SA,Al-Jouf,Al Qurayyat,?????,???????,,,,
SA,Mecca,Al Hawiyah,???,???????,,,,
SA,Jazan,Jazan,?????,?????,,,,
SA,Riyadh,Az Zulfi,??????,??????,,,,
SA,Al-Qassim,Ar Rass,??????,????,,,,
SA,Eastern Province,Harad,??????? ???????,????,,,,
SA,Jazan,Al Ahad al Masarihah,?????,????? ????????,,,,
SA,Asir,Khamis Mushayt,????,???? ????,,,,
SA,Northern Borders,Turayf,?????? ????????,????,,,,
SA,Najran,Sharurah,?????,?????,,,,
SA,Eastern Province,Sayhat,??????? ???????,?????,,,,
SA,Northern Borders,Rafha,?????? ????????,?????,,,,
SA,Eastern Province,Ra's al Khafji,??????? ???????,??? ??????,,,,
SA,Najran,Najran,?????,?????,,,,
SA,Mecca,Al Lith,???,?????,,,,
SA,Jazan,Ad Darb,?????,?????,,,,
SA,Medina,Badr Hunayn,???????,??? ????,,,,
SA,Mecca,Khulays,???,????,,,,
SA,Eastern Province,Ras Tanura,??????? ???????,??? ?????,,,,
SA,Asir,An Nimas,????,??????,,,,
SA,Asir,Al Majaridah,????,????????,,,,
SA,Tabuk,Al Wajh,????,?????,,,,
SA,Riyadh,Al Majma`ah,??????,???????,,,,
SA,Eastern Province,Abqaiq,??????? ???????,?????,,,,
SA,Al-Qassim,Al Midhnab,??????,??????,,,,
SA,Tabuk,Duba,????,????,,,,
SA,Al-Bahah,Al `Aqiq,??????,??????,,,,
SA,Al-Qassim,Dulay` Rashid,??????,???? ????,,,,
SA,Riyadh,Shaqra',??????,?????,,,,
SA,Al-Bahah,Al Mindak,??????,??????,,,,
SA,Eastern Province,Dhahran,??????? ???????,???????,,,,
SA,Jazan,Al `Aydabi,?????,????????,,,,
SA,Al-Jouf,Qara,?????,????,,,,
SA,Ha'il,Ash Shinan,????,??????,,,,
SA,Riyadh,Hawtat Sudayr,??????,???? ????,,,,
SA,Northern Borders,Arar,?????? ????????,????,,,,
SA,Al-Jouf,Haql,?????,???,,,,
SA,Eastern Province,Al `Awwamiyah,??????? ???????,????????,,,,
SA,Riyadh,As Sulayyil,??????,??????,,,,
SA,Al-Jouf,Dawmat al Jandal,?????,???? ??????,,,,
SA,Al-Bahah,Al Bahah,??????,??????,,,,
SA,Riyadh,Ad Dir`iyah,??????,???????,,,,
SA,Riyadh,Al Ghat,??????,?????,,,,
SA,Eastern Province,Al Awjam,??????? ???????,???????,,,,
SA,Riyadh,Al Ha'ir,??????,??????,,,,
SA,Riyadh,Harmah,??????,????,,,,
SA,Riyadh,Duruma,??????,????,,,,
SA,Riyadh,Al Quway`iyah,??????,????????,,,,
SA,Riyadh,Al Hillah,??????,?????,,,,
CL,Región Metropolitana,Santiago,????? ???????,????????,,,,
CL,Biobío,Concepcion,??? ???,??????????,,,,
CL,Región Metropolitana,Puente Alto,????? ???????,?????? ????,,,,
CL,Región Metropolitana,Maipu,????? ???????,?????,,,,
CL,Región Metropolitana,La Florida,????? ???????,?? ???????,,,,
MM,Yangon,Rangoon,??????,??????,,,,
MM,Mandalay,Mandalay,????????,????????,,,,
MM,Nay Pyi Taw,Nay Pyi Taw,??? ?? ???,??? ?? ???,,,,
MM,Mandalay,Kyaukse,????????,???????,,,,
MM,Kayin State,Hpa-An,????? ?????,??? ??,,,,
ES,Madrid,Madrid,?????,?????,,,,
ES,Catalonia,Barcelona,????????,???????,,,,
ES,Valencia,Valencia,???????,???????,,,,
ES,Andalusia,Sevilla,???????,???????,,,,
ES,Andalusia,Malaga,???????,?????,,,,
IQ,Baghd?d,Baghdad,?????,?????,,,,
IQ,N?nawá,Mosul,?????,??????,,,,
IQ,Al Ba?rah,Al Basrah,??????,??????,,,,
IQ,Kark?k,Kirkuk,?????,?????,,,,
IQ,As Sulaym?n?yah,As Sulaymaniyah,??????????,??????????,,,,
CM,Littoral,Douala,??????,?????,,,,
CM,Centre,Yaounde,?????,??????,,,,
CM,Nord,Garoua,??????,?????,,,,
CM,North-West,Bamenda,?????? ??????,???????,,,,
CM,Ouest,Bafoussam,?????,???????,,,,
ET,?d?s ?beba,Addis Ababa,???? ?????,???? ?????,,,,
ET,Sumal?,K'ebri Beyah,???????,???? ????,,,,
ET,Sumal?,K'ebri Dehar,???????,???? ????,,,,
ET,Sumal?,Warder,???????,?????,,,,
ET,Orom?ya,Shashemene,???????,????????,,,,
CA,Ontario,Toronto,????????,???????,,,,
CA,Quebec,Montreal,?????,????????,,,,
CA,British Columbia,Vancouver,???????? ??????????,???????,,,,
CA,Alberta,Calgary,??????,???????,,,,
CA,Alberta,Edmonton,??????,????????,,,,
KE,Nairobi City,Nairobi,????? ??????,??????,,,,
KE,Mombasa,Mombasa,???????,???????,,,,
KE,Kisumu,Kisumu,??????,??????,,,,
KE,Kiambu,Kikuyu,??????,??????,,,,
KE,Nakuru,Nakuru,??????,??????,,,,
AU,Victoria,Melbourne,????????,??????,,,,
AU,New South Wales,Sydney,??? ???? ????,?????,,,,
AU,Queensland,Brisbane,?????????,???????,,,,
AU,Western Australia,Perth,???????? ???????,????,,,,
AU,South Australia,Adelaide,???? ????????,???????,,,,
CI,Abidjan,Abidjan,???????,???????,,,,
CI,Abidjan,Yopougon,???????,???????,,,,
CI,Vallée du Bandama,Bouake,???? ??????,?????,,,,
CI,Abidjan,Cocody,???????,??????,,,,
CI,Abidjan,Port-Bouet,???????,??? ?????,,,,
DE,Berlin,Berlin,?????,?????,,,,
DE,Baden-Württemberg,Stuttgart,???? ????????,????????,,,,
DE,Bavaria,Munich,???????,?????,,,,
DE,Hamburg,Hamburg,???????,???????,,,,
DE,North Rhine-Westphalia,Cologne,???? ?????? ?????????,???????,,,,
AF,K?bul,Kabul,????,????,,,,
AF,Jowzj?n,Aqchah,??????,??????,,,,
AF,Kandah?r,Kandahar,??????,??????,,,,
AF,Her?t,Herat,????,????,,,,
AF,Far?h,Farah,????,????,,,,
ML,Bamako,Bamako,??????,??????,,,,
ML,Sikasso,Zegoua,??????,?????,,,,
ML,Sikasso,Sikasso,??????,??????,,,,
ML,Sikasso,Koutiala,??????,???????,,,,
ML,Ségou,Segou,????,????,,,,
JO,Al ‘??imah,Amman,???????,????,,,,
JO,Al Mafraq,Al Mafraq,??????,??????,,,,
JO,Irbid,Irbid,????,????,,,,
JO,Az Zarq?’,Az Zarqa',???????,???????,,,,
JO,Az Zarq?’,Ar Rusayfah,???????,???????,,,,
GH,Ashanti,Kumasi,??????,??????,,,,
GH,Ashanti,Boankra,??????,???????,,,,
GH,Northern,Tamale,????????,?????,,,,
GH,Bono,Domaa-Ahenkro,????,???? ???????,,,,
GH,Greater Accra,Accra,???? ??????,????,,,,
AE,Dubai,Dubai,???,???,,,,
AE,Abu Dhabi,Abu Dhabi,??? ???,??? ???,,,,
AE,Sharjah,Sharjah,???????,???????,,,,
AE,Abu Dhabi,Al-Ain,??? ???,?????,,,,
AE,Ajman,Ajman,?????,?????,,,,
AE,Ras Al Khaimah,Ras Al Khaimah,??? ??????,??? ??????,,,,
AE,Fujairah,Fujairah,???????,???????,,,,
AE,Umm Al Quwain,Umm Al Quwain,?? ???????,?? ???????,,,,
AE,Sharjah,Kalba,???????,?????,,,,
AE,Sharjah,Khawr Fakkan,???????,??? ????,,,,
AE,Abu Dhabi,Madinat Zayed,??? ???,????? ????,,,,
AE,Ras Al Khaimah,Al Jazirah Al Hamra,??? ??????,??????? ???????,,,,
VE,Distrito Capital,Caracas,???????,??????,,,,
VE,Zulia,Maracaibo,?????,?????????,,,,
VE,Carabobo,Valencia,????????,???????,,,,
VE,Aragua,Maracay,??????,???????,,,,
VE,Lara,Barquisimeto,????,???????????,,,,
MA,Casablanca-Settat,Casablanca,????? ??????? ????,????? ???????,,,,
MA,Tanger-Tétouan-Al Hoceïma,Tangier,???? ????? ???????,????,,,,
MA,Fès-Meknès,Fes,??? ?????,???,,,,
MA,Marrakech-Safi,Marrakech,????? ????,?????,,,,
MA,Rabat-Salé-Kénitra,Sale,?????? ??? ????????,???,,,,
BO,Santa Cruz,Santa Cruz de la Sierra,????? ????,????? ???? ?? ?? ?????,,,,
BO,La Paz,El Alto,?? ???,?? ????,,,,
BO,Cochabamba,Cochabamba,??????????,??????????,,,,
BO,Oruro,Oruro,??????,??????,,,,
BO,La Paz,La Paz,?? ???,?? ???,,,,
UZ,Toshkent,Tashkent,?????,?????,,,,
UZ,Namangan,Namangan,??????,??????,,,,
UZ,Andijon,Andijon,???????,???????,,,,
UZ,Samarqand,Samarkand,??????,??????,,,,
UZ,Qoraqalpog‘iston,Nukus,???? ???,?????,,,,
EC,Guayas,Guayaquil,??????,????????,,,,
EC,Pichincha,Quito,?????????,????,,,,
EC,Azuay,Cuenca,?????,??????,,,,
EC,Santo Domingo de los Tsáchilas,Santo Domingo de los Colorados,????? ??????? ?? ??? ?????????,????? ??????? ?? ??? ?????????,,,,
EC,Guayas,Eloy Alfaro,??????,???? ??????,,,,
BF,Centre,Ouagadougou,?????,????????,,,,
BF,Hauts-Bassins,Bobo-Dioulasso,??????? ??????,???? ???????,,,,
BF,Centre-Ouest,Koudougou,????? ??????,??????,,,,
BF,Nord,Ouahigouya,??????,????????,,,,
BF,Centre-Nord,Kaya,????? ???????,????,,,,
GR,Attikí,Athens,?????,?????,,,,
GR,Kentrikí Makedonía,Thessaloniki,??????? ??????,???????,,,,
GR,Attikí,Piraeus,?????,???????,,,,
GR,Thessalía,Tyrnavos,???????,????????,,,,
GR,Kríti,Irakleio,????,????????,,,,
GT,Guatemala,Guatemala City,?????????,????? ?????????,,,,
GT,Guatemala,Mixco,?????????,??????,,,,
GT,Guatemala,Villa Nueva,?????????,???? ?????,,,,
GT,Guatemala,San Juan Sacatepequez,?????????,??? ???? ???????????,,,,
GT,Alta Verapaz,San Pedro Carcha,???? ???? ???,??? ????? ??????,,,,
KW,Al ‘??imah,Kuwait City,???????,????? ??????,,,,
KW,Al Jahr?’,Al Jahra',???????,???????,,,,
KW,Al A?mad?,Abu Hulayfah,???????,??? ?????,,,,
KW,Al A?mad?,Al Ahmadi,???????,???????,,,,
KW,Al A?mad?,Ar Riqqah,???????,?????,,,,
UA,"Kyiv, Misto",Kyiv,???? ???????,????,,,,
UA,Kharkivska Oblast,Kharkiv,????? ??????,??????,,,,
UA,Odeska Oblast,Odesa,????? ??????,??????,,,,
UA,Dnipropetrovska Oblast,Dnipro,????? ?????????????,??????,,,,
UA,Donetska Oblast,Donetsk,????? ???????,???????,,,,
KP,P’y?ngyang,Pyongyang,????? ????,????? ????,,,,
KP,Hamnam,Hamhung,??????,???????,,,,
KP,Namp’o,Nampo,?????,?????,,,,
KP,Hambuk,Ch'ongjin,??????,????????,,,,
KP,P’y?ngnam,Sunch'on,????????,???????,,,,
TW,Taichung,Taichung,????????,????????,,,,
TW,Kaohsiung,Kaohsiung,????????,????????,,,,
TW,Taipei,Taipei,??????,??????,,,,
TW,Tainan,Tainan,??????,??????,,,,
TW,Hsinchu,Hsinchu,???????,???????,,,,
IT,Lazio,Rome,??????,????,,,,
IT,Lombardy,Milan,?????????,?????,,,,
IT,Campania,Naples,????????,??????,,,,
IT,Piedmont,Turin,????????,?????,,,,
IT,Sicilia,Palermo,?????,???????,,,,
SY,Dimashq,Damascus,????,????,,,,
SY,?alab,Aleppo,???,???,,,,
SY,?im?,Homs,???,???,,,,
SY,Al L?dhiq?yah,Latakia,????????,????????,,,,
SY,?am?h,Hamah,????,????,,,,
CG,Brazzaville,Brazzaville,????????,????????,,,,
CG,Pointe-Noire,Pointe-Noire,????? ????,????? ????,,,,
CG,Kouilou,Tchibota,?????,???????,,,,
CG,Niari,Dolisie,?????,??????,,,,
CG,Bouenza,Kayes,??????,????,,,,
YE,Am?nat al ‘??imah,Sanaa,????? ???????,?????,,,,
YE,‘Adan,Aden,???,???,,,,
YE,?a?ramawt,Al Mukalla,??????,??????,,,,
YE,Ta‘izz,Ta`izz,???,???,,,,
YE,Al ?udaydah,Al Hudaydah,???????,???????,,,,
LB,Beyrouth,Beirut,?????,?????,,,,
LB,Liban-Nord,Tripoli,????? ???????,??????,,,,
LB,Liban-Sud,Sidon,????? ???????,????,,,,
LB,Liban-Nord,El Minie,????? ???????,??????,,,,
LB,Mont-Liban,Borj Hammoud,??? ?????,??? ????,,,,
RO,Bucure?ti,Bucharest,???????,???????,,,,
RO,Cluj,Cluj-Napoca,????,???? ??????,,,,
RO,Ia?i,Iasi,???,???,,,,
RO,Constan?a,Constanta,?????????,?????????,,,,
RO,Timi?,Timisoara,?????,?????????,,,,
DZ,Alger,Algiers,???????,???????,,,,
DZ,Oran,Oran,?????,?????,,,,
DZ,Constantine,Constantine,???????,???????,,,,
DZ,Batna,Batna,?????,?????,,,,
DZ,Sétif,Setif,????,????,,,,
AZ,Bak?,Baku,????,????,,,,
AZ,Sumqay?t,Sumqayit,??????,??????,,,,
AZ,G?nc?,Ganca,?????,?????,,,,
AZ,Ming?çevir,Mingacevir,???????????,???????????,,,,
AZ,Ab?eron,Xirdalan,???????,??????,,,,
KZ,Almaty,Almaty,??????,??????,,,,
KZ,Shymkent,Shymkent,??????,??????,,,,
KZ,Nur-Sultan,Astana,??? ?????,??????,,,,
KZ,Qaraghandy,Qaraghandy,???????,???????,,,,
KZ,East Kazakhstan,Oskemen,????????? ???????,???????,,,,
AT,Wien,Vienna,?????,?????,,,,
AT,Steiermark,Graz,?????????,?????,,,,
AT,Oberösterreich,Linz,?????? ??????,?????,,,,
AT,Vorarlberg,Lochau,?????????,?????,,,,
AT,Salzburg,Salzburg,????????,????????,,,,
KH,Phnom Penh,Phnom Penh,???? ???,???? ???,,,,
KH,Siem Reap,Siem Reap,??? ???,??? ???,,,,
KH,Battambang,Battambang,?????????,?????????,,,,
KH,Kampong Cham,Kampong Cham,??????? ????,??????? ????,,,,
KH,Banteay Meanchey,Sisophon,????? ??? ???,???????,,,,
SO,Banaadir,Mogadishu,?????,??????,,,,
SO,Woqooyi Galbeed,Hargeysa,?????? ??????,??????,,,,
SO,Bay,Baidoa,???,??????,,,,
SO,Gedo,Baardheere,????,????????,,,,
SO,Mudug,Gaalkacyo,?????,???????,,,,
CU,La Habana,Havana,??????,??????,,,,
CU,Santiago de Cuba,Santiago de Cuba,???????? ?? ????,???????? ?? ????,,,,
CU,Holguín,Holguin,??????,??????,,,,
CU,Camagüey,Camaguey,???????,???????,,,,
CU,Villa Clara,Santa Clara,???? ?????,????? ?????,,,,
PL,Mazowieckie,Warsaw,??????????,?????,,,,
PL,Ma?opolskie,Krakow,??????????,??????,,,,
PL,Pomorskie,Gdansk,????????,??????,,,,
PL,Dolno?l?skie,Wroclaw,???????????,???????,,,,
PL,?ódzkie,Lodz,??????,????,,,,
BY,Minsk,Minsk,?????,?????,,,,
BY,Homyel’skaya Voblasts’,Homyel',????? ?????,?????,,,,
BY,Hrodzyenskaya Voblasts’,Hrodna,????? ??????,??????,,,,
BY,Vitsyebskaya Voblasts’,Vitsyebsk,????? ??????,??????,,,,
BY,Mahilyowskaya Voblasts’,Mahilyow,????? ???????,???????,,,,
NL,Noord-Brabant,Tilburg,???? ??????,???????,,,,
NL,Noord-Holland,Amsterdam,???? ??????,????????,,,,
NL,Zuid-Holland,Rotterdam,???? ??????,???????,,,,
NL,Zuid-Holland,The Hague,???? ??????,?????,,,,
NL,Utrecht,Utrecht,???????,???????,,,,
PR,Puerto Rico,San Juan,????? ????,??? ????,,,,
PR,Puerto Rico,Aguadilla,????? ????,????????,,,,
PR,Puerto Rico,Bayamon,????? ????,???????,,,,
PR,Puerto Rico,Carolina,????? ????,????????,,,,
PR,Puerto Rico,Arecibo,????? ????,???????,,,,
ZM,Lusaka,Lusaka,??????,??????,,,,
ZM,Copperbelt,Kitwe,???? ??????,?????,,,,
ZM,Copperbelt,Ndola,???? ??????,?????,,,,
ZM,Eastern,Chipata,???????,???????,,,,
ZM,Central,Kabwe,??????,?????,,,,
OM,Masqa?,Masqat,????,????,,,,
OM,Masqa?,Muscat,????,????,,,,
OM,Masqa?,Bawshar,????,????,,,,
OM,Z?uf?r,Salalah,????,?????,,,,
OM,Masqa?,Matrah,????,????,,,,
UY,Montevideo,Montevideo,??????????,??????????,,,,
UY,Maldonado,Maldonado,?????????,?????????,,,,
UY,Canelones,Ciudad de la Costa,?????????,????? ???????,,,,
UY,Salto,Salto,?????,?????,,,,
UY,Paysandú,Paysandu,????????,????????,,,,
HU,Budapest,Budapest,???????,???????,,,,
HU,Gy?r-Moson-Sopron,Gyor,???? ????? ??????,????,,,,
HU,Hajdú-Bihar,Debrecen,????? ?????,????????,,,,
HU,Csongrád-Csanád,Szeged,???????? ??????,?????,,,,
HU,Vas,Szombathely,???,??????????,,,,
UG,Kampala,Kampala,???????,???????,,,,
UG,Wakiso,Nansana,??????,???????,,,,
UG,Jinja,Jinja,?????,?????,,,,
UG,Masaka,Masaka,??????,??????,,,,
UG,Wakiso,Kasangati,??????,?????????,,,,
GN,Conakry,Conakry,???????,???????,,,,
GN,Mamou,Mamou,?????,?????,,,,
GN,N’Zérékoré,N'Zerekore,?????????,?????????,,,,
GN,N’Zérékoré,Gueckedou,?????????,???????,,,,
GN,Kankan,Kankan,??????,??????,,,,
TJ,Dushanbe,Dushanbe,???????,???????,,,,
TJ,Sughd,Khujand,????,?????,,,,
TJ,Nohiyahoi Tobei Jumhurí,Vahdat,??????? ??????? ?????????,????,,,,
TJ,Nohiyahoi Tobei Jumhurí,Hisor,??????? ??????? ?????????,????,,,,
TJ,Sughd,Panjakent,????,??????,,,,
ZW,Harare,Harare,?????,?????,,,,
ZW,Bulawayo,Bulawayo,????????,????????,,,,
ZW,Harare,Chitungwiza,?????,???????????,,,,
ZW,Manicaland,Mutare,??????????,??????,,,,
ZW,Midlands,Gweru,??????? ??????,?????,,,,
CR,San José,San Jose,??? ?????,??? ?????,,,,
CR,Alajuela,San Marcos,????????,??? ??????,,,,
CR,Alajuela,San Ramon,????????,??? ?????,,,,
CR,Heredia,Sarapiqui,???????,???????,,,,
CR,Heredia,Mora,???????,????,,,,
SV,San Salvador,San Salvador,??? ????????,??? ????????,,,,
SV,San Miguel,San Miguel,??? ?????,??? ?????,,,,
SV,San Salvador,Soyapango,??? ????????,?????????,,,,
SV,Santa Ana,Santa Ana,????? ???,????? ???,,,,
SV,San Salvador,Apopa,??? ????????,?????,,,,
TG,Maritime,Lome,???????,????,,,,
TG,Centrale,Sokode,??????,??????,,,,
TG,Plateaux,Atakpame,??????,????????,,,,
TG,Plateaux,Kpalime,??????,???????,,,,
TG,Savanes,Dapaong,????????,??????,,,,
NE,Niamey,Niamey,?????,?????,,,,
NE,Maradi,Maradi,??????,??????,,,,
NE,Zinder,Zinder,????,????,,,,
NE,Tahoua,Tahoua,?????,?????,,,,
NE,Agadez,Agadez,??????,??????,,,,
NZ,Auckland,Auckland,???????,???????,,,,
NZ,Canterbury,Christchurch,????????,?????????,,,,
NZ,Wellington,Wellington,???????,???????,,,,
NZ,Auckland,Northcote,???????,???????,,,,
NZ,Waikato,Hamilton,???????,????????,,,,
SN,Dakar,Dakar,?????,?????,,,,
SN,Dakar,Pikine,?????,?????,,,,
SN,Diourbel,Touba,??????,????,,,,
SN,Dakar,Guediawaye,?????,????????,,,,
SN,Dakar,Rufisque,?????,??????,,,,
BG,Sofia-Grad,Sofia,????? ??????,?????,,,,
BG,Varna,Varna,?????,?????,,,,
BG,Plovdiv,Plovdiv,???????,???????,,,,
BG,Burgas,Burgas,??????,??????,,,,
BG,Stara Zagora,Stara Zagora,????? ??????,????? ??????,,,,
MN,Ulaanbaatar,Ulaanbaatar,????? ?????,????? ?????,,,,
MN,Hövsgöl,Moron,???????,?????,,,,
MN,Orhon,Erdenet,??????,????????,,,,
MN,Darhan-Uul,Darhan,?????? ???,??????,,,,
MN,Selenge,Darhan,??????,??????,,,,
CZ,Praha,Prague,????,????,,,,
CZ,Jihomoravský Kraj,Brno,????? ??????? ????????,????,,,,
CZ,Moravskoslezský Kraj,Ostrava,????? ??????? ???????,????????,,,,
CZ,Plze?ský Kraj,Plzen,????? ?????,?????,,,,
CZ,Liberecký Kraj,Liberec,????? ????????,????????,,,,
DK,Hovedstaden,Copenhagen,???????,????????,,,,
DK,Midtjylland,Aarhus,??????? ??????,?????,,,,
DK,Syddanmark,Odense,???????? ????????,??????,,,,
DK,Nordjylland,Aalborg,??????? ????????,??????,,,,
DK,Syddanmark,Esbjerg,???????? ????????,??????,,,,
FI,Uusimaa,Helsinki,??????,??????,,,,
FI,Pirkanmaa,Tampere,????????,???????,,,,
FI,Uusimaa,Espoo,??????,????,,,,
FI,Uusimaa,Vantaa,??????,?????,,,,
FI,Pohjois-Pohjanmaa,Oulu,?????? ????????,????,,,,
DO,Cibao Norte,Santiago,????? ???????,????????,,,,
DO,Ozama,Santo Domingo,??????,????? ???????,,,,
DO,Ozama,Santo Domingo Este,??????,????? ??????? ????,,,,
DO,Cibao Norte,Puerto Plata,????? ???????,????? ?????,,,,
DO,Ozama,Los Alcarrizos,??????,??? ?????????,,,,
MG,Antananarivo,Antananarivo,???????????,???????????,,,,
MG,Mahajanga,Betsiboka,?????????,?????????,,,,
MG,Antananarivo,Antsirabe,???????????,?????????,,,,
MG,Mahajanga,Mahajanga,?????????,?????????,,,,
MG,Toamasina,Toamasina,????????,????????,,,,
HN,Francisco Morazán,Comayaguela,????????? ???????,??????????,,,,
HN,Francisco Morazán,Tegucigalpa,????????? ???????,???????????,,,,
HN,Cortés,San Pedro Sula,??????,??? ????? ????,,,,
HN,Cortés,Choloma,??????,???????,,,,
HN,Atlántida,La Ceiba,?????????,?? ????,,,,
BE,Brussels-Capital Region,Brussels,????? ?????? ???????,??????,,,,
BE,Flanders,Antwerp,???????,???????,,,,
BE,Flanders,Gent,???????,????,,,,
BE,Wallonia,Charleroi,???????,???????,,,,
BE,Wallonia,Liege,???????,????,,,,
RS,Beograd,Belgrade,??????,??????,,,,
RS,Novi Sad,Novi Sad,???? ???,???? ???,,,,
RS,Niš,Nis,???,???,,,,
RS,Beograd,Zemun,??????,?????,,,,
RS,Kragujevac,Kragujevac,???????????,???????????,,,,
QA,Ad Daw?ah,Doha,??????,??????,,,,
QA,Ar Rayy?n,Ar Rayyan,??????,??????,,,,
QA,Ash Sh???n?yah,Laqtah,????????,????,,,,
QA,Ash Sh???n?yah,Ash Shihaniyah,????????,????????,,,,
QA,Al Wakrah,Al Wakrah,??????,??????,,,,
LY,?ar?bulus,Tripoli,??????,??????,,,,
LY,Bangh?z?,Benghazi,??????,??????,,,,
LY,Al W???t,Ajdabiya,???????,???????,,,,
LY,Mi?r?tah,Misratah,??????,??????,,,,
LY,Al Jabal al Akh?ar,Al Bayda',????? ??????,???????,,,,
RW,Kigali,Kigali,??????,??????,,,,
RW,Southern Province,Muhanga,???????? ????????,???????,,,,
RW,Northern Province,Ruhengeri,???????? ????????,?????????,,,,
RW,Southern Province,Gitarama,???????? ????????,????????,,,,
RW,Eastern Province,Kabarore,???????? ???????,????????,,,,
KG,Bishkek,Bishkek,??????,??????,,,,
KG,Osh,Osh,???,???,,,,
KG,Jalal-Abad,Jalal-Abad,???? ????,???? ????,,,,
KG,Ysyk-Köl,Karakol,???? ???,???????,,,,
KG,Ysyk-Köl,Balykchy,???? ???,????????,,,,
BI,Bujumbura Mairie,Bujumbura,????????? ???????,?????????,,,,
BI,Gitega,Gitega,??????,??????,,,,
BI,Karuzi,Ruyigi,??????,?????,,,,
BI,Ngozi,Ngozi,?????,?????,,,,
BI,Rumonge,Rumonge,???????,???????,,,,
MZ,Maputo,Maputo,??????,??????,,,,
MZ,Maputo,Matola,??????,??????,,,,
MZ,Nampula,Nampula,???????,???????,,,,
MZ,Sofala,Beira,??????,????,,,,
MZ,Nampula,Antonio Enes,???????,??????? ?????,,,,
GE,Tbilisi,Tbilisi,??????,??????,,,,
GE,Ajaria,Batumi,??????,??????,,,,
GE,Imereti,Kutaisi,????????,???????,,,,
GE,Kvemo Kartli,Rustavi,????? ??????,???????,,,,
GE,Abkhazia,Sokhumi,???????,??????,,,,
AM,Yerevan,Yerevan,??????,??????,,,,
AM,Shirak,Gyumri,?????,??????,,,,
AM,Lorri,Vanadzor,????,????????,,,,
AM,Armavir,Ejmiatsin,???????,?????????,,,,
AM,Kotayk’,Hrazdan,??????,???????,,,,
MR,Nouakchott Ouest,Nouakchott,??????? ??????,???????,,,,
MR,Nouakchott Sud,Arafat,??????? ???????,?????,,,,
MR,Nouakchott Nord,Dar Naim,??????? ???????,??? ????,,,,
MR,Dakhlet Nouadhibou,Nouadhibou,????? ???????,???????,,,,
MR,Assaba,Kiffa,?????,????,,,,
NI,Managua,Managua,???????,???????,,,,
NI,León,Leon,????,????,,,,
NI,Managua,Tipitapa,???????,????????,,,,
NI,Masaya,Masaya,??????,??????,,,,
NI,Matagalpa,Matagalpa,?????????,?????????,,,,
TM,A?gabat,Ashgabat,??? ????,??? ????,,,,
TM,Lebap,Turkmenabat,????,?????? ????,,,,
TM,Da?oguz,Dasoguz,??????,??????,,,,
TM,Balkan,Balkanabat,?????,????? ????,,,,
TM,Mary,Mary,????,????,,,,
LR,Montserrado,Monrovia,??????????,????????,,,,
LR,River Gee,Yeebo Town,???? ??,???? ????,,,,
LR,Montserrado,New Kru Town,??????????,??? ??? ????,,,,
LR,Grand Bassa,Upper Buchanan,????? ????,??? ???????,,,,
LR,Nimba,Ganta,?????,?????,,,,
SE,Stockholm,Stockholm,????????,????????,,,,
SE,Västra Götaland,Gothenburg,?????? ????????,???????,,,,
SE,Skåne,Malmo,?????,?????,,,,
SE,Uppsala,Uppsala,???????,???????,,,,
SE,Östergötland,Norrkoping,????????????,?????????,,,,
MW,Lilongwe,Lilongwe,????????,????????,,,,
MW,Blantyre,Blantyre,???????,???????,,,,
MW,Mzimba,Mzuzu,??????,?????,,,,
MW,Zomba,Zomba,?????,?????,,,,
MW,Karonga,Karonga,???????,???????,,,,
HT,Ouest,Port-au-Prince,?????,??? ?? ????,,,,
HT,Ouest,Carrefour,?????,??????,,,,
HT,Ouest,Petion-Ville,?????,?????? ???,,,,
HT,Artibonite,Gonaives,?????????,??????,,,,
HT,Ouest,Croix-des-Bouquets,?????,???? ?? ?????,,,,
ER,Ma’?kel,Asmara,?????,?????,,,,
ER,‘Anseba,Keren,??????,?????,,,,
ER,Gash-Barka,Gwelej,??? ?????,??????,,,,
ER,Debubawi K’eyy?h? Bah?ri,Assab,????? ?????? ???????,???,,,,
ER,Semienawi K’eyy?h? Bah?ri,Massawa,????? ?????? ???????,????,,,,
SL,Western Area,Freetown,??????? ???????,???????,,,,
SL,Southern,Bo,????????,??,,,,
SL,Eastern,Kenema,???????,??????,,,,
SL,Eastern,Koidu,???????,?????,,,,
SL,Eastern,Koidu-Bulma,???????,????? ?????,,,,
LA,Viangchan,Vientiane,????????,????????,,,,
LA,Xiangkhouang,Xiangkhoang,????? ?????,????? ?????,,,,
LA,Savannakhét,Savannakhet,?????? ???,?????? ???,,,,
LA,Salavan,Salavan,???????,???????,,,,
LA,Oudômxai,Xai,????? ???,???,,,,
IL,Jerusalem,Jerusalem,?????,?????,,,,
IL,Haifa,Haifa,????,????,,,,
IL,Tel Aviv,Tel Aviv-Yafo,?? ????,?? ???? ????,,,,
IL,Central,Rishon LeZiyyon,?????,????? ??????,,,,
IL,Central,Petah Tiqwa,?????,???? ????,,,,
CF,Bangui,Bangui,?????,?????,,,,
CF,Nana-Mambéré,Mambere,???? ???????,???????,,,,
CF,Ombella-Mpoko,Bimbo,??????? ?????,?????,,,,
CF,Mambéré-Kadéï,Berberati,??????? ?????,?????????,,,,
CF,Ouham-Pendé,Bocaranga,????? ?????,?????????,,,,
PA,Panamá,Panama City,????,????? ????,,,,
PA,Panamá,San Miguelito,????,??? ????????,,,,
PA,Chiriquí,David,???????,?????,,,,
PA,Colón,Colon,?????,?????,,,,
PA,Panamá,Tocumen,????,???????,,,,
NP,Ga??ak?,Pokhara,??????,??????,,,,
NP,Province Number One,Biratnagar,??????? ??? ????,??????????,,,,
TD,N’Djamena,N'Djamena,???????,???????,,,,
TD,Logone Occidental,Moundou,????? ??????,?????,,,,
TD,Moyen-Chari,Sarh,????? ?????,???,,,,
TD,Batha,Yao,????,???,,,,
TD,Mayo-Kebbi-Ouest,Lere,???? ???? ??????,????,,,,
GA,Estuaire,Libreville,?????,???????,,,,
GA,Ogooué-Maritime,Port-Gentil,?????? ???????,??? ??????,,,,
GA,Haut-Ogooué,Franceville,?????? ??????,????????,,,,
GA,Estuaire,Owendo,?????,???????,,,,
GA,Woleu-Ntem,Oyem,???? ????,????,,,,
HR,"Zagreb, Grad",Zagreb,???? ???????,????,,,,
HR,Splitsko-Dalmatinska Županija,Split,?????? ????? ????????,?????,,,,
HR,Primorsko-Goranska Županija,Rijeka,?????? ????????? ????????,?????,,,,
HR,Osje?ko-Baranjska Županija,Osijek,?????? ?????? ???????,??????,,,,
HR,"Zagreb, Grad",Sesvete,???? ???????,???????,,,,
LK,Western,Colombo,???????,???????,,,,
LK,Western,Mount Lavinia,???????,??? ???????,,,,
LK,Western,Kesbewa,???????,???????,,,,
LK,Western,Maharagama,???????,??????????,,,,
LK,Western,Moratuwa,???????,????????,,,,
BH,Al ‘??imah,Manama,???????,???????,,,,
BH,Al Mu?arraq,Al Muharraq,??????,??????,,,,
BH,Ash Sham?l?yah,Madinat Hamad,????????,????? ???,,,,
BH,Al ‘??imah,Jidd Hafs,???????,?? ???,,,,
BH,Al Jan?b?yah,Madinat `Isa,????????,????? ????,,,,
NO,Oslo,Oslo,?????,?????,,,,
NO,Vestland,Bergen,???????,?????,,,,
NO,Trøndelag,Trondheim,?????????,?????????,,,,
NO,Rogaland,Stavanger,???????,????????,,,,
NO,Viken,Sandvika,?????,????????,,,,
BJ,Littoral,Cotonou,??????,??????,,,,
BJ,Atlantique,Abomey-Calavi,???????,????? ??????,,,,
BJ,Atlantique,Godome,???????,?????,,,,
BJ,Alibori,Banikoara,???????,?????????,,,,
BJ,Donga,Djougou,?????,????,,,,
MD,Chi?in?u,Chisinau,???????,???????,,,,
MD,Stînga Nistrului,Tiraspol,????? ?????? ??????,????????,,,,
MD,B?l?i,Balti,?????,?????,,,,
MD,Bender,Bender,?????,?????,,,,
MD,Stînga Nistrului,Ribnita,????? ?????? ??????,???????,,,,
EE,Tallinn,Tallinn,?????,?????,,,,
EE,Tartu,Tartu,?????,?????,,,,
EE,Narva,Narva,?????,?????,,,,
EE,Pärnu,Parnu,?????,?????,,,,
EE,Kohtla-Järve,Kohtla-Jarve,?????? ?????,?????? ?????,,,,
LV,R?ga,Riga,????,????,,,,
LV,Augšdaugava,Daugavpils,???????????,??????????,,,,
LV,Liep?ja,Liepaja,?????,?????,,,,
LV,Jelgava,Jelgava,???????,???????,,,,
LV,J?rmala,Jurmala,???????,???????,,,,
DJ,Djibouti,Djibouti,??????,??????,,,,
DJ,Ali Sabieh,Ali Sabieh,??? ????,??? ????,,,,
DJ,Dikhil,Dikhil,?????,?????,,,,
DJ,Obock,Obock,?????,?????,,,,
DJ,Tadjourah,Tadjourah,??????,??????,,,,
TN,Tunis,Tunis,????,????,,,,
TN,Sfax,Sfax,?????,?????,,,,
TN,Sousse,Sousse,????,????,,,,
TN,Kairouan,Kairouan,????????,????????,,,,
TN,Gabès,Gabes,????,????,,,,
IE,Dublin,Dublin,????,????,,,,
IE,Dublin,Finglas,????,???????,,,,
IE,Cork,Cork,????,????,,,,
IE,Galway,Galway,??????,??????,,,,
IE,South Dublin,Tallaght,???? ???????,??????,,,,
LT,Vilniaus Miestas,Vilnius,????? ???????,???????,,,,
LT,Kauno Miestas,Kaunas,????? ??????,??????,,,,
LT,Klaip?dos Miestas,Klaipeda,????? ????????,????????,,,,
LT,Šiauli? Miestas,Siauliai,????? ????????,????????,,,,
LT,Panev?žio Miestas,Panevezys,????? ?????????,?????????,,,,
JM,Kingston,Kingston,????????,????????,,,,
JM,Saint Catherine,Portmore,???? ??????,???????,,,,
JM,Saint Catherine,Spanish Town,???? ??????,?????? ????,,,,
JM,Saint James,Montego Bay,???? ????,??????? ???,,,,
JM,Saint Andrew,Half Way Tree,???? ?????,??? ??? ???,,,,
PT,Lisboa,Lisbon,??????,??????,,,,
PT,Porto,Aves,?????,????,,,,
PT,Lisboa,Sintra,??????,??????,,,,
PT,Porto,Vila Nova de Gaia,?????,???? ???? ?? ????,,,,
PT,Porto,Porto,?????,?????,,,,
GW,Bissau,Bissau,?????,?????,,,,
GW,Oio,Farim,????,?????,,,,
GW,Gabú,Gabu,????,????,,,,
GW,Biombo,Quinhamel,??????,?????????,,,,
GW,Bafatá,Bambadinca,??????,?????????,,,,
MT,Valletta,Valletta,??????,??????,,,,
MT,Qormi,Qormi,?????,?????,,,,
MT,San Pawl il-Ba?ar,Saint Paul's Bay,??? ???? ??? ?????,???? ??? ???,,,,
MT,Birkirkara,Birkirkara,??????????,??????????,,,,
MT,Sliema,Sliema,?????,?????,,,,
PY,Asunción,Asuncion,????????,????????,,,,
PY,Alto Paraná,Ciudad del Este,???? ??????,????? ??? ????,,,,
PY,Central,San Lorenzo,?????,??? ???????,,,,
PY,Central,Luque,?????,????,,,,
PY,Central,Capiata,?????,???????,,,,
SK,Bratislava,Bratislava,??????????,??????????,,,,
SK,Košice,Kosice,???????,???????,,,,
SK,Bratislava,Petrzalka,??????????,?????????,,,,
SK,Prešov,Presov,??????,??????,,,,
SK,Žilina,Zilina,??????,??????,,,,
SS,Central Equatoria,Juba,?????????? ??????,????,,,,
SS,Jonglei,Bor,??????,???,,,,
SS,Central Equatoria,Kajo Kaji,?????????? ??????,???? ????,,,,
SS,Central Equatoria,Yei,?????????? ??????,??,,,,
SS,Eastern Equatoria,Magwe,?????????? ???????,?????,,,,
CH,Zürich,Zurich,?????,?????,,,,
CH,Genève,Geneva,????,????,,,,
CH,Basel-Stadt,Basel,???? ???????,????,,,,
CH,Vaud,Lausanne,???,?????,,,,
CH,Bern,Bern,???,???,,,,
NA,Khomas,Windhoek,?????,???????,,,,
NA,Kavango East,Rundu,??????? ???????,?????,,,,
NA,Erongo,Walvisbaai,???????,?????? ???,,,,
NA,Oshana,Oshakati,??????,????????,,,,
NA,Oshikoto,Tsumeb,????????,??????,,,,
MK,Skopje,Skopje,??????,??????,,,,
MK,Kumanovo,Kumanovo,????????,????????,,,,
MK,Bitola,Bitola,??????,??????,,,,
MK,Prilep,Prilep,??????,??????,,,,
MK,Tetovo,Tetovo,??????,??????,,,,
AL,Tiranë,Tirana,??????,??????,,,,
AL,Durrës,Durres,?????,?????,,,,
AL,Vlorë,Vlore,?????,?????,,,,
AL,Tiranë,Kamez,??????,?????,,,,
AL,Elbasan,Elbasan,???????,???????,,,,
GM,Banjul,Banjul,??????,??????,,,,
GM,Kanifing,Serekunda,????????,?????????,,,,
GM,Kanifing,Kanifing,????????,????????,,,,
GM,West Coast,Brikama,?????? ??????,???????,,,,
GM,Kanifing,Bakau,????????,?????,,,,
LS,Maseru,Maseru,??????,??????,,,,
LS,Berea,Teyateyaneng,?????,??????????,,,,
LS,Mafeteng,Mafeteng,????????,????????,,,,
LS,Leribe,Leribe,??????,??????,,,,
LS,Leribe,Maputsoe,??????,????????,,,,
CY,Lefkosía,Nicosia,???????,???????,,,,
CY,Lemesós,Limassol,???????,???????,,,,
CY,Lárnaka,Larnaca,??????,??????,,,,
CY,Páfos,Paphos,?????,?????,,,,
CY,Ammóchostos,Famagusta,?????????,?????????,,,,
PG,National Capital,Port Moresby,??????? ???????,??? ??????,,,,
PG,Morobe,Lae,??????,???,,,,
PG,Northern,Popondetta,????????,?????????,,,,
PG,Southern Highlands,Mendi,????????? ????????,?????,,,,
PG,Bougainville,Arawa,????????,?????,,,,
GQ,Bioko Norte,Malabo,????? ???????,??????,,,,
GQ,Litoral,Bata,??????,????,,,,
GQ,Centro Sur,Sevilla de Niefang,????? ???????,?????? ?? ??????,,,,
GQ,Kié-Ntem,Ebebiyin,?? ????,???????,,,,
GQ,Bioko Norte,Santiago de Baney,????? ???????,???????? ?? ????,,,,
SI,Ljubljana,Ljubljana,?????????,?????????,,,,
SI,Maribor,Maribor,???????,???????,,,,
SI,Celje,Celje,??????,??????,,,,
SI,Kranj,Kranj,?????,?????,,,,
SI,Koper,Koper,????,????,,,,
BS,City of Freeport,Lucaya,????? ???????,??????,,,,
BS,City of Freeport,Freeport City,????? ???????,????? ???????,,,,
BS,West Grand Bahama,West End,????? ?????? ??????,???? ???,,,,
BA,"Bosnia and Herzegovina, Federation of",Sarajevo,????? ??????? ???????,???????,,,,
BA,"Srpska, Republika",Banja Luka,??????? ??????,????? ????,,,,
BA,"Srpska, Republika",Bijeljina,??????? ??????,????????,,,,
BA,"Bosnia and Herzegovina, Federation of",Tuzla,????? ??????? ???????,?????,,,,
BA,"Bosnia and Herzegovina, Federation of",Mostar,????? ??????? ???????,??????,,,,
SR,Paramaribo,Paramaribo,??????????,??????????,,,,
SR,Sipaliwini,Cottica,??????????,??????,,,,
SR,Wanica,Koewarasan,??????,??????????,,,,
SR,Wanica,Lelydorp,??????,????????,,,,
SR,Nickerie,Nieuw Nickerie,??????,??? ??????,,,,
BW,Gaborone,Gaborone,???????,???????,,,,
BW,Francistown,Francistown,???????????,???????????,,,,
BW,Kweneng,Molepolole,???????,??????????,,,,
BW,Kweneng,Mogoditshane,???????,???????????,,,,
BW,North West,Maun,?????? ??????,????,,,,
GY,Demerara-Mahaica,Georgetown,???????? ???????,???? ????,,,,
GY,Upper Demerara-Berbice,Linden,???????? ?????? ??????,??????,,,,
GY,East Berbice-Corentyne,New Amsterdam,?????? ???????? ???????,??? ????????,,,,
GY,Pomeroon-Supenaam,Anna Regina,??????? ???????,??? ??????,,,,
GY,East Berbice-Corentyne,Princetown,?????? ???????? ???????,?????????,,,,
TL,Díli,Dili,????,????,,,,
TL,Bobonaro,Maliana,????????,???????,,,,
TL,Baucau,Baucau,??????,??????,,,,
TL,Manatuto,Manatuto,????????,????????,,,,
TL,Ermera,Gleno,???????,?????,,,,
XK,Prizren,Prizren,???????,???????,,,,
XK,Prishtinë,Pristina,????????,????????,,,,
XK,Ferizaj,Ferizaj,???????,???????,,,,
XK,Pejë,Peje,???,???,,,,
XK,Gjakovë,Gjakove,???????,???????,,,,
NC,Province Sud,Noumea,???????? ????????,?????,,,,
NC,Province Sud,Dumbea,???????? ????????,??????,,,,
NC,Province Sud,Mont-Dore,???????? ????????,??? ????,,,,
NC,Province Sud,Paita,???????? ????????,?????,,,,
NC,Province Nord,Kone,???????? ????????,????,,,,
ME,Podgorica,Podgorica,??????????,??????????,,,,
ME,Nikši?,Niksic,???????,???????,,,,
ME,Ulcinj,Ulcinj,????????,????????,,,,
ME,Herceg Novi,Herceg Novi,??????? ????,??????? ????,,,,
ME,Pljevlja,Pljevlja,????????,????????,,,,
MU,Port Louis,Port Louis,??? ????,??? ????,,,,
MU,Plaines Wilhems,Curepipe,???? ??????,???????,,,,
MU,Plaines Wilhems,Quatre Bornes,???? ??????,????? ????,,,,
MU,Moka,Quartier Militaire,????,??????? ???????,,,,
MU,Rivière du Rempart,Goodlands,?????? ?? ???????,????????,,,,
IS,Reykjavík,Reykjavik,????????,????????,,,,
IS,Kópavogur,Kopavogur,?????????,?????????,,,,
IS,Hafnarfjörður,Hafnarfjordhur,?????????????,?????????????,,,,
IS,Reykjanesbær,Keflavik,????????????,????????,,,,
IS,Akureyri,Akureyri,???????,???????,,,,
MV,Maale,Male,?????,?????,,,,
MV,Addu,Hithadhoo,???,??????,,,,
MV,Thiladhunmathee Dhekunuburi,Kulhudhuffushi,???????????? ??????????,???????????,,,,
MV,Fuvammulah,Foammulah,?????????,????????,,,,
MV,Huvadhuatholhu Uthuruburi,Viligili,????????????? ??????????,????????,,,,
LU,Luxembourg,Luxembourg,?????????,?????????,,,,
LU,Esch-sur-Alzette,Esch-sur-Alzette,?? ??? ?????,?? ??? ?????,,,,
LU,Esch-sur-Alzette,Dudelange,?? ??? ?????,???????,,,,
LU,Esch-sur-Alzette,Differdange,?? ??? ?????,????????,,,,
LU,Diekirch,Diekirch,??????,??????,,,,
PF,Îles du Vent,Papeete,??? ??????,??????,,,,
BT,Thimphu,Thimphu,?????,?????,,,,
BT,Chhukha,Phuntsholing,?????,??????????,,,,
BT,Sarpang,Geylegphug,???????,?????????,,,,
BT,Samdrup Jongkhar,Samdrup Jongkhar,??????? ???????,??????? ???????,,,,
BT,Wangdue Phodrang,Wangdue Phodrang,?????? ???????,?????? ???????,,,,
SZ,Manzini,Manzini,???????,???????,,,,
SZ,Hhohho,Mbabane,????,??????,,,,
SZ,Lubombo,Siteki,???????,??????,,,,
SZ,Hhohho,Lobamba,????,???????,,,,
SZ,Hhohho,Piggs Peak,????,???? ???,,,,
BB,Saint Michael,Bridgetown,???? ?????,????? ????,,,,
TT,Chaguanas,Chaguanas,?????????,?????????,,,,
TT,Port of Spain,Port of Spain,??? ??? ????,??? ??? ????,,,,
TT,San Fernando,San Fernando,??? ????????,??? ????????,,,,
TT,Arima,Arima,?????,?????,,,,
TT,San Juan/Laventille,San Juan,??? ???? ????????,??? ????,,,,
FJ,Rewa,Suva,????,????,,,,
FJ,Ba,Nadi,??,????,,,,
FJ,Tailevu,Nausori,???????,???????,,,,
FJ,Ba,Lautoka,??,???????,,,,
FJ,Macuata,Labasa,???????,??????,,,,
SB,Honiara,Honiara,???????,???????,,,,
SB,Malaita,Auki,???????,????,,,,
SB,Western,Gizo,???????,????,,,,
SB,Makira and Ulawa,Kirakira,?????? ???????,????????,,,,
SB,Isabel,Buala,???????,?????,,,,
ST,Água Grande,Sao Tome,???? ??????,??? ????,,,,
ST,Mé-Zóchi,Trindade,?? ?????,???????,,,,
ST,Cantagalo,Santana,?????????,???????,,,,
ST,Lembá,Neves,?????,?????,,,,
ST,Lobata,Guadalupe,??????,?????????,,,,
CV,São Vicente,Mindelo,??? ??????,???????,,,,
CV,Praia,Praia,?????,?????,,,,
CV,Tarrafal,Tarrafal,???????,???????,,,,
CV,São Filipe,Sao Filipe,??? ??????,??? ??????,,,,
CV,Porto Novo,Porto Novo,????? ????,????? ????,,,,
LC,Castries,Castries,???????,???????,,,,
LC,Gros-Islet,Gros Islet,???? ?????,???? ?????,,,,
LC,Micoud,Micoud,?????,?????,,,,
LC,Vieux-Fort,Vieux Fort,??? ???,??? ???,,,,
LC,Castries,Bisee,???????,????,,,,
BN,Brunei dan Muara,Bandar Seri Begawan,?????? ?????,???? ???? ???????,,,,
BN,Belait,Seria,??????,?????,,,,
BN,Tutong,Tutong,??????,??????,,,,
BN,Brunei dan Muara,Kampong Tunah Jambu,?????? ?????,??????? ????? ?????,,,,
BN,Belait,Kuala Belait,??????,????? ??????,,,,
VU,Shefa,Port-Vila,????,??? ????,,,,
VU,Sanma,Luganville,?????,????????,,,,
VU,Tafea,Isangel,?????,???????,,,,
VU,Malampa,Lakatoro,???????,????????,,,,
VU,Torba,Sola,?????,????,,,,
BZ,Belize,Belize City,????,????? ????,,,,
BZ,Cayo,San Ignacio,????,??? ???????,,,,
BZ,Orange Walk,Orange Walk,????? ???,????? ???,,,,
BZ,Corozal,Corozal,???????,???????,,,,
BZ,Belize,San Pedro,????,??? ?????,,,,
WS,Tuamasaga,Apia,????????,????,,,,
WS,Tuamasaga,Afega,????????,?????,,,,
WS,Gagaifomauga,Safotu,????????????,??????,,,,
WS,A‘ana,Leulumoega,????,?????????,,,,
WS,Vaisigano,Asau,?????????,????,,,,
GD,Saint George,Saint George's,???? ????,???? ????,,,,
GD,Saint David,Saint David's,???? ?????,???? ?????,,,,
KM,Anjouan,Mutsamudu,??????,?????????,,,,
KM,Anjouan,Ouani,??????,?????,,,,
KM,Grande Comore,Mandza,????? ?????,?????,,,,
KM,Mohéli,Fomboni,??????,???????,,,,
KM,Grande Comore,Moroni,????? ?????,??????,,,,
MH,Majuro,Majuro,??????,??????,,,,
TO,Tongatapu,Nuku`alofa,?????????,???? ?????,,,,
TO,Vava‘u,Neiafu,?????,?????,,,,
SC,Mont Buxton,Victoria,??? ???????,????????,,,,
VC,Saint George,Calliaqua,???? ????,????????,,,,
VC,Saint George,Kingstown,???? ????,?????????,,,,
AD,Andorra la Vella,Andorra la Vella,?????? ?? ????,?????? ?? ????,,,,
AD,Canillo,Sant Pere,??????,???? ????,,,,
AD,Escaldes-Engordany,Escaldes-Engordany,???????? ????????,???????? ????????,,,,
AD,Encamp,Encamp,??????,??????,,,,
AD,La Massana,La Massana,?? ??????,?? ??????,,,,
AG,Saint John,Saint John's,???? ???,???? ????,,,,
GL,Sermersooq,Nuuk,?????????,???,,,,
GL,Qeqqata,Sisimiut,??????,????????,,,,
GL,Avannaata,Ilulissat,????????,?????????,,,,
GL,Qeqertalik,Aasiaat,??????????,?????,,,,
GL,Kujalleq,Qaqortoq,???????,????????,,,,
DM,Saint George,Roseau,???? ????,????,,,,
FM,Chuuk,Weno,????,????,,,,
FM,Pohnpei,Palikir,?????,???????,,,,
FM,Pohnpei,Kolonia,?????,???????,,,,
FM,Yap,Colonia,???,???????,,,,
FM,Kosrae,Tofol,??????,?????,,,,
FO,Tórshavn,Torshavn,???????,???????,,,,
FO,Klaksvík,Klaksvik,????????,????????,,,,
FO,Hvalba,Hvalba,??????,??????,,,,
FO,Skopun,Skopun,??????,??????,,,,
FO,Hvannasund,Hvannasund,?????????,?????????,,,,
KN,Saint George Basseterre,Basseterre,???? ???? ???????,???????,,,,
SM,Serravalle,Serravalle,????????,????????,,,,
SM,Borgo Maggiore,Borgo Maggiore,????? ??????,????? ??????,,,,
SM,San Marino Città,San Marino,??? ?????? ?????,??? ??????,,,,
SM,Domagnano,Domagnano,?????????,?????????,,,,
SM,Fiorentino,Fiorentino,?????????,?????????,,,,
BQ,Bonaire,Kralendijk,?????,?????????,,,,
BQ,Sint Eustatius,Oranjestad,???? ?????????,???????????,,,,
BQ,Saba,The Bottom,????,?? ?????,,,,
PW,Koror,Koror,?????,?????,,,,
PW,Melekeok,Melekeok,????????,????????,,,,
PW,Melekeok,Ngerulmud,????????,?????????,,,,
TV,Funafuti,Funafuti,????????,????????,,,,
LI,Schaan,Schaan,???,???,,,,
LI,Vaduz,Vaduz,?????,?????,,,,
LI,Triesen,Triesen,??????,??????,,,,
LI,Balzers,Balzers,???????,???????,,,,
LI,Eschen,Eschen,????,????,,,,
WF,Uvea,Mata-Utu,?????,???? ????,,,,
WF,Sigave,Leava,??????,?????,,,,
BM,Hamilton,Hamilton,????????,????????,,,,
NR,Yaren,Yaren,?????,?????,,,,
SH,Saint Helena,Jamestown,???? ??????,????????,,,,
SH,Tristan da Cunha,Edinburgh of the Seven Seas,??????? ?? ????,?????? ?????? ????,,,,
SH,Ascension,Georgetown,??????,???? ????,,,,
MS,Saint Peter,Brades,???? ????,??????,,,,
MS,Saint Anthony,Plymouth,???? ???????,??????,,,,
VI,Virgin Islands,Charlotte Amalie,????? ???????,?????? ?????,,,,
UK,London,Westminster,????,?????????,,,,
SG,Singapore,Central Region,????????,??????? ??????,,,,
MC,Monaco,Monte Carlo,??????,???? ?????,,,,
PS,Ramallah,Al-Bireh,??? ????,??????,,,,
,,,,,,,,
